{
    "interactionModel": {
        "languageModel": {
            "invocationName": "object detector",
            "intents": [
                {
                    "name": "AMAZON.CancelIntent",
                    "samples": []
                },
                {
                    "name": "AMAZON.HelpIntent",
                    "samples": []
                },
                {
                    "name": "AMAZON.StopIntent",
                    "samples": []
                },
                {
                    "name": "MostRecentlyDetectedIntent",
                    "slots": [],
                    "samples": [
                        "what was the most recently detected object",
                        "what object did you see last",
                        "what object did you last see"
                    ]
                },
                {
                    "name": "LeastDetectedIntent",
                    "slots": [],
                    "samples": [
                        "what was the least detected object",
                        "what object did you see the least"
                    ]
                },
                {
                    "name": "MostDetectedIntent",
                    "slots": [],
                    "samples": [
                        "what was the most detected object",
                        "what object did you see the most"
                    ]
                }
                

            ],
            "types": []
        }
    }
}