{
    "_extensions": ["jinja2_time.TimeExtension"],

    "your_name": "",
    "your_email_address" : "",

    "project_name": "AlexaCICDWorkshop",
    "bundle_name": "lab_bundle",
    "project_name_website": "{{cookiecutter.project_name.replace(' ', '-')}}-website",
    "dynamodb_tablename": "{{cookiecutter.project_name.replace(' ', '-')}}-Detections",
    "codestar_projectname" : "alexacicdworksh",
    "cloudformation_stackname": "{{cookiecutter.project_name|lower|replace(' ', '-')}}-{{cookiecutter.your_name|lower|replace(' ', '-')}}-{% now 'utc', '%m%s' %}",
    "AWS_region" : "us-east-1",
    "AWS_region_name" : "US East (N. Virginia)",
    "website_bucket_name": "{{cookiecutter.project_name|lower|replace(' ', '-')}}-{{cookiecutter.your_name|lower|replace(' ', '-')}}-{% now 'utc', '%m%s' %}"
}